Workbook

Sheet Start_Here

Sheet Pivot_Table
A1: Region | B1: (All)
A3: Row Labels | B3: Participant Count | C3: Sum of Program_Fee | D3: Attendance Rate (ave) | E3: Average of Score Change
A4: Career Readiness | B4: 57 | C4: 7025 | D4: 0.87675439 | E4: 15.070175
A5: Digital Skills | B5: 86 | C5: 12745 | D5: 0.84718992 | E5: 14.860465
A6: Financial Literacy | B6: 57 | C6: 5650 | D6: 0.86038012 | E6: 14.754386
A7: Grand Total | B7: 200 | C7: 25420 | D7: 0.859375 | E7: 14.89

Sheet Final_Report
A1: Wrokforce Training Data Summary
A2: Program | B2: Participant Count
A3: Career Readiness | B3: 57
A4: Digital Skills | B4: 86
A5: Financial Literacy | B5: 57

Sheet Participant_Data
A1: Participant_ID | B1: Participant_Name | C1: Enrollment_Date | D1: Program | E1: Region | F1: Delivery_Mode | G1: Staff_ID | H1: Staff_Name | I1: Sessions_Offered | J1: Sessions_Attended | K1: Pre_Score | L1: Post_Score | M1: Program_Fee | N1: Satisfaction | O1: Score Change | P1: Attendance Rate | Q1: Completion_Status | S1: Summary Measure | T1: Result
A2: P001 | B2: Amina Rahman | C2: 46267 | D2: Digital Skills | E2: North | F2: In Person | G2: S101 | H2: =_xlfn.XLOOKUP(G2,Staff_Lookup!$A$2:$A$7,Staff_Lookup!$B$2:$B$7,"Not Found") -> Rachel Morgan | I2: 10 | J2: 9 | K2: 62 | L2: 81 | M2: 150 | N2: 5 | O2: =L2-K2 -> 19 | P2: =J2/I2 -> 0.9 | Q2: =IF(P2>=$T$15, "Completed", "Needs Follow-Up") -> Completed | S2: Total Program Fees | T2: =SUM(M2:M201) -> 25420
A3: P002 | B3: James Carter | C3: 46268 | D3: Career Readiness | E3: South | F3: Online | G3: S102 | H3: =_xlfn.XLOOKUP(G3,Staff_Lookup!$A$2:$A$7,Staff_Lookup!$B$2:$B$7,"Not Found") -> Michael Brown | I3: 10 | J3: 7 | K3: 58 | L3: 72 | M3: 125 | N3: 4 | O3: =L3-K3 -> 14 | P3: =J3/I3 -> 0.7 | Q3: =IF(P3>=$T$15, "Completed", "Needs Follow-Up") -> Needs Follow-Up | S3: Average Pre-Score | T3: =AVERAGE(K2:K201) -> 62.855
A4: P003 | B4: Maria Lopez | C4: 46269 | D4: Financial Literacy | E4: East | F4: Hybrid | G4: S103 | H4: =_xlfn.XLOOKUP(G4,Staff_Lookup!$A$2:$A$7,Staff_Lookup!$B$2:$B$7,"Not Found") -> Priya Patel | I4: 8 | J4: 8 | K4: 67 | L4: 84 | M4: 100 | N4: 5 | O4: =L4-K4 -> 17 | P4: =J4/I4 -> 1 | Q4: =IF(P4>=$T$15, "Completed", "Needs Follow-Up") -> Completed | S4: Lowest Post-Score | T4: =MIN(L2:L201) -> 55
A5: P004 | B5: David Thompson | C5: 46270 | D5: Digital Skills | E5: West | F5: Online | G5: S104 | H5: =_xlfn.XLOOKUP(G5,Staff_Lookup!$A$2:$A$7,Staff_Lookup!$B$2:$B$7,"Not Found") -> Carlos Martinez | I5: 10 | J5: 6 | K5: 55 | L5: 70 | M5: 150 | N5: 3 | O5: =L5-K5 -> 15 | P5: =J5/I5 -> 0.6 | Q5: =IF(P5>=$T$15, "Completed", "Needs Follow-Up") -> Needs Follow-Up | S5: Highest Post-Score | T5: =MAX(L2:L201) -> 98
A6: P005 | B6: Fatima Ahmed | C6: 46273 | D6: Career Readiness | E6: North | F6: In Person | G6: S101 | H6: =_xlfn.XLOOKUP(G6,Staff_Lookup!$A$2:$A$7,Staff_Lookup!$B$2:$B$7,"Not Found") -> Rachel Morgan | I6: 10 | J6: 10 | K6: 64 | L6: 88 | M6: 125 | N6: 5 | O6: =L6-K6 -> 24 | P6: =J6/I6 -> 1 | Q6: =IF(P6>=$T$15, "Completed", "Needs Follow-Up") -> Completed | S6: Number of Pre-Scores | T6: =COUNT(K1:K201) -> 200
A7: P006 | B7: Daniel Wilson | C7: 46274 | D7: Digital Skills | E7: South | F7: Online | G7: S102 | H7: =_xlfn.XLOOKUP(G7,Staff_Lookup!$A$2:$A$7,Staff_Lookup!$B$2:$B$7,"Not Found") -> Michael Brown | I7: 10 | J7: 8 | K7: 65 | L7: 79 | M7: 120 | N7: 4 | O7: =L7-K7 -> 14 | P7: =J7/I7 -> 0.8 | Q7: =IF(P7>=$T$15, "Completed", "Needs Follow-Up") -> Completed | S7: Number of Participant Names | T7: =COUNTA(B2:B201) -> 200
A8: P007 | B8: Noah Anderson | C8: 46275 | D8: Digital Skills | E8: North | F8: In Person | G8: S101 | H8: =_xlfn.XLOOKUP(G8,Staff_Lookup!$A$2:$A$7,Staff_Lookup!$B$2:$B$7,"Not Found") -> Rachel Morgan | I8: 8 | J8: 8 | K8: 48 | L8: 55 | M8: 150 | N8: 3 | O8: =L8-K8 -> 7 | P8: =J8/I8 -> 1 | Q8: =IF(P8>=$T$15, "Completed", "Needs Follow-Up") -> Completed
A9: P008 | B9: Olivia Anderson | C9: 46275 | D9: Financial Literacy | E9: West | F9: Online | G9: S106 | H9: =_xlfn.XLOOKUP(G9,Staff_Lookup!$A$2:$A$7,Staff_Lookup!$B$2:$B$7,"Not Found") -> Ahmed Hassan | I9: 10 | J9: 9 | K9: 59 | L9: 73 | M9: 100 | N9: 4 | O9: =L9-K9 -> 14 | P9: =J9/I9 -> 0.9 | Q9: =IF(P9>=$T$15, "Completed", "Needs Follow-Up") -> Completed | S9: Conditional Measure | T9: Result
A10: P009 | B10: Ethan Anderson | C10: 46276 | D10: Career Readiness | E10: East | F10: Hybrid | G10: S105 | H10: =_xlfn.XLOOKUP(G10,Staff_Lookup!$A$2:$A$7,Staff_Lookup!$B$2:$B$7,"Not Found") -> Jennifer Lee | I10: 12 | J10: 10 | K10: 70 | L10: 91 | M10: 125 | N10: 4 | O10: =L10-K10 -> 21 | P10: =J10/I10 -> 0.83333333 | Q10: =IF(P10>=$T$15, "Completed", "Needs Follow-Up") -> Completed | S10: Completed Participants | T10: =COUNTIF(Q2:Q201, "Completed") -> 145
A11: P010 | B11: Sophia Anderson | C11: 46276 | D11: Digital Skills | E11: South | F11: In Person | G11: S104 | H11: =_xlfn.XLOOKUP(G11,Staff_Lookup!$A$2:$A$7,Staff_Lookup!$B$2:$B$7,"Not Found") -> Carlos Martinez | I11: 8 | J11: 5 | K11: 51 | L11: 60 | M11: 150 | N11: 3 | O11: =L11-K11 -> 9 | P11: =J11/I11 -> 0.625 | Q11: =IF(P11>=$T$15, "Completed", "Needs Follow-Up") -> Needs Follow-Up | S11: Participants Needing Follow-Up | T11: =COUNTIF(Q2:Q201, "Needs Follow-Up") -> 55
A12: P011 | B12: Liam Anderson | C12: 46277 | D12: Financial Literacy | E12: North | F12: Hybrid | G12: S103 | H12: =_xlfn.XLOOKUP(G12,Staff_Lookup!$A$2:$A$7,Staff_Lookup!$B$2:$B$7,"Not Found") -> Priya Patel | I12: 10 | J12: 10 | K12: 62 | L12: 78 | M12: 100 | N12: 4 | O12: =L12-K12 -> 16 | P12: =J12/I12 -> 1 | Q12: =IF(P12>=$T$15, "Completed", "Needs Follow-Up") -> Completed | S12: Digital Skills Fees | T12: =SUMIF(D2:D201, "Digital Skills", M2:M201) -> 12745
A13: P012 | B13: Maya Anderson | C13: 46277 | D13: Career Readiness | E13: North | F13: In Person | G13: S102 | H13: =_xlfn.XLOOKUP(G13,Staff_Lookup!$A$2:$A$7,Staff_Lookup!$B$2:$B$7,"Not Found") -> Michael Brown | I13: 12 | J13: 11 | K13: 73 | L13: 96 | M13: 125 | N13: 4 | O13: =L13-K13 -> 23 | P13: =J13/I13 -> 0.91666667 | Q13: =IF(P13>=$T$15, "Completed", "Needs Follow-Up") -> Completed | S13: Average Satisfaction: Completed | T13: =AVERAGEIF(Q2:Q201,"Completed",N2:N201) -> 3.8344828
A14: P013 | B14: Lucas Anderson | C14: 46278 | D14: Digital Skills | E14: West | F14: Online | G14: S101 | H14: =_xlfn.XLOOKUP(G14,Staff_Lookup!$A$2:$A$7,Staff_Lookup!$B$2:$B$7,"Not Found") -> Rachel Morgan | I14: 10 | J14: 8 | K14: 54 | L14: 65 | M14: 150 | N14: 3 | O14: =L14-K14 -> 11 | P14: =J14/I14 -> 0.8 | Q14: =IF(P14>=$T$15, "Completed", "Needs Follow-Up") -> Completed
A15: P014 | B15: Isabella Anderson | C15: 46278 | D15: Digital Skills | E15: East | F15: Hybrid | G15: S106 | H15: =_xlfn.XLOOKUP(G15,Staff_Lookup!$A$2:$A$7,Staff_Lookup!$B$2:$B$7,"Not Found") -> Ahmed Hassan | I15: 12 | J15: 9 | K15: 65 | L15: 83 | M15: 150 | N15: 3 | O15: =L15-K15 -> 18 | P15: =J15/I15 -> 0.75 | Q15: =IF(P15>=$T$15, "Completed", "Needs Follow-Up") -> Needs Follow-Up | S15: Completion Threshold | T15: 0.8
A16: P015 | B16: Mason Anderson | C16: 46279 | D16: Financial Literacy | E16: South | F16: Online | G16: S105 | H16: =_xlfn.XLOOKUP(G16,Staff_Lookup!$A$2:$A$7,Staff_Lookup!$B$2:$B$7,"Not Found") -> Jennifer Lee | I16: 8 | J16: 8 | K16: 76 | L16: 83 | M16: 100 | N16: 4 | O16: =L16-K16 -> 7 | P16: =J16/I16 -> 1 | Q16: =IF(P16>=$T$15, "Completed", "Needs Follow-Up") -> Completed
A17: P016 | B17: Zoe Anderson | C17: 46279 | D17: Career Readiness | E17: North | F17: Hybrid | G17: S105 | H17: =_xlfn.XLOOKUP(G17,Staff_Lookup!$A$2:$A$7,Staff_Lookup!$B$2:$B$7,"Not Found") -> Jennifer Lee | I17: 10 | J17: 9 | K17: 57 | L17: 71 | M17: 125 | N17: 4 | O17: =L17-K17 -> 14 | P17: =J17/I17 -> 0.9 | Q17: =IF(P17>=$T$15, "Completed", "Needs Follow-Up") -> Completed
A18: P017 | B18: Henry Anderson | C18: 46280 | D18: Digital Skills | E18: North | F18: In Person | G18: S104 | H18: =_xlfn.XLOOKUP(G18,Staff_Lookup!$A$2:$A$7,Staff_Lookup!$B$2:$B$7,"Not Found") -> Carlos Martinez | I18: 12 | J18: 10 | K18: 68 | L18: 89 | M18: 125 | N18: 4 | O18: =L18-K18 -> 21 | P18: =J18/I18 -> 0.83333333 | Q18: =IF(P18>=$T$15, "Completed", "Needs Follow-Up") -> Completed
A19: P018 | B19: Nora Anderson | C19: 46280 | D19: Financial Literacy | E19: West | F19: Online | G19: S103 | H19: =_xlfn.XLOOKUP(G19,Staff_Lookup!$A$2:$A$7,Staff_Lookup!$B$2:$B$7,"Not Found") -> Priya Patel | I19: 8 | J19: 8 | K19: 48 | L19: 57 | M19: 100 | N19: 3 | O19: =L19-K19 -> 9 | P19: =J19/I19 -> 1 | Q19: =IF(P19>=$T$15, "Completed", "Needs Follow-Up") -> Completed
A20: P019 | B20: Samuel Anderson | C20: 46281 | D20: Career Readiness | E20: East | F20: In Person | G20: S102 | H20: =_xlfn.XLOOKUP(G20,Staff_Lookup!$A$2:$A$7,Staff_Lookup!$B$2:$B$7,"Not Found") -> Michael Brown | I20: 12 | J20: 11 | K20: 60 | L20: 76 | M20: 125 | N20: 4 | O20: =L20-K20 -> 16 | P20: =J20/I20 -> 0.91666667 | Q20: =IF(P20>=$T$15, "Completed", "Needs Follow-Up") -> Completed
A21: P020 | B21: Layla Anderson | C21: 46281 | D21: Digital Skills | E21: South | F21: Online | G21: S101 | H21: =_xlfn.XLOOKUP(G21,Staff_Lookup!$A$2:$A$7,Staff_Lookup!$B$2:$B$7,"Not Found") -> Rachel Morgan | I21: 8 | J21: 6 | K21: 71 | L21: 94 | M21: 150 | N21: 4 | O21: =L21-K21 -> 23 | P21: =J21/I21 -> 0.75 | Q21: =IF(P21>=$T$15, "Completed", "Needs Follow-Up") -> Needs Follow-Up
A22: P021 | B22: Gabriel Anderson | C22: 46282 | D22: Digital Skills | E22: North | F22: Hybrid | G22: S106 | H22: =_xlfn.XLOOKUP(G22,Staff_Lookup!$A$2:$A$7,Staff_Lookup!$B$2:$B$7,"Not Found") -> Ahmed Hassan | I22: 10 | J22: 7 | K22: 51 | L22: 62 | M22: 150 | N22: 2 | O22: =L22-K22 -> 11 | P22: =J22/I22 -> 0.7 | Q22: =IF(P22>=$T$15, "Completed", "Needs Follow-Up") -> Needs Follow-Up
A23: P022 | B23: Chloe Anderson | C23: 46282 | D23: Financial Literacy | E23: North | F23: In Person | G23: S105 | H23: =_xlfn.XLOOKUP(G23,Staff_Lookup!$A$2:$A$7,Staff_Lookup!$B$2:$B$7,"Not Found") -> Jennifer Lee | I23: 12 | J23: 12 | K23: 63 | L23: 81 | M23: 100 | N23: 4 | O23: =L23-K23 -> 18 | P23: =J23/I23 -> 1 | Q23: =IF(P23>=$T$15, "Completed", "Needs Follow-Up") -> Completed
A24: P023 | B24: Owen Anderson | C24: 46283 | D24: Career Readiness | E24: West | F24: Hybrid | G24: S104 | H24: =_xlfn.XLOOKUP(G24,Staff_Lookup!$A$2:$A$7,Staff_Lookup!$B$2:$B$7,"Not Found") -> Carlos Martinez | I24: 8 | J24: 7 | K24: 74 | L24: 81 | M24: 125 | N24: 3 | O24: =L24-K24 -> 7 | P24: =J24/I24 -> 0.875 | Q24: =IF(P24>=$T$15, "Completed", "Needs Follow-Up") -> Completed
A25: P024 | B25: Aria Anderson | C25: 46283 | D25: Digital Skills | E25: East | F25: In Person | G25: S103 | H25: =_xlfn.XLOOKUP(G25,Staff_Lookup!$A$2:$A$7,Staff_Lookup!$B$2:$B$7,"Not Found") -> Priya Patel | I25: 10 | J25: 8 | K25: 54 | L25: 68 | M25: 150 | N25: 4 | O25: =L25-K25 -> 14 | P25: =J25/I25 -> 0.8 | Q25: =IF(P25>=$T$15, "Completed", "Needs Follow-Up") -> Completed
A26: P025 | B26: Caleb Anderson | C26: 46284 | D26: Financial Literacy | E26: South | F26: Online | G26: S103 | H26: =_xlfn.XLOOKUP(G26,Staff_Lookup!$A$2:$A$7,Staff_Lookup!$B$2:$B$7,"Not Found") -> Priya Patel | I26: 8 | J26: 5 | K26: 66 | L26: 87 | M26: 100 | N26: 4 | O26: =L26-K26 -> 21 | P26: =J26/I26 -> 0.625 | Q26: =IF(P26>=$T$15, "Completed", "Needs Follow-Up") -> Needs Follow-Up
A27: P026 | B27: Elena Anderson | C27: 46284 | D27: Career Readiness | E27: North | F27: Hybrid | G27: S102 | H27: =_xlfn.XLOOKUP(G27,Staff_Lookup!$A$2:$A$7,Staff_Lookup!$B$2:$B$7,"Not Found") -> Michael Brown | I27: 10 | J27: 10 | K27: 77 | L27: 86 | M27: 125 | N27: 3 | O27: =L27-K27 -> 9 | P27: =J27/I27 -> 1 | Q27: =IF(P27>=$T$15, "Completed", "Needs Follow-Up") -> Completed
... A201: P200 | B201: Layla Johnson | C201: 46371 | D201: Financial Literacy | E201: South | F201: Online | G201: S103 | H201: =_xlfn.XLOOKUP(G201,Staff_Lookup!$A$2:$A$7,Staff_Lookup!$B$2:$B$7,"Not Found") -> Priya Patel | I201: 8 | J201: 6 | K201: 65 | L201: 79 | M201: 100 | N201: 4 | O201: =L201-K201 -> 14 | P201: =J201/I201 -> 0.75 | Q201: =IF(P201>=$T$15, "Completed", "Needs Follow-Up") -> Needs Follow-Up

Sheet Staff_Lookup
A1: Staff_ID | B1: Staff_Name
A2: S101 | B2: Rachel Morgan
A3: S102 | B3: Michael Brown
A4: S103 | B4: Priya Patel
A5: S104 | B5: Carlos Martinez
A6: S105 | B6: Jennifer Lee
A7: S106 | B7: Ahmed Hassan

Sheet Cleaning Data
A1: Participant_ID | B1: Participant_Name | C1: Enrollment_Date | D1: Program | E1: Region | F1: Delivery_Mode
A2: P001 | B2: Amina Rahman | C2: 46267 | D2: Digital Skills | E2: North | F2: In Person
A3: P002 | B3: James Carter | C3: 46268 | D3: Career Readiness | E3: South | F3: Online
A4: P003 | B4: Maria Lopez | C4: 46269 | D4: Financial Literacy | E4: East | F4: Hybrid
A5: P004 | B5: David Thompson | C5: 46270 | D5: Digital Skills | E5: West | F5: Online
A6: P005 | B6: Fatima Ahmed | C6: 46273 | D6: Career Readiness | E6: North | F6: In Person
A7: P006 | B7: Daniel Wilson | C7: 46274 | D7: Digital Skills | E7: South | F7: Online
A8: P007 | B8: Noah Anderson | C8: 46275 | D8: Digital Skills | E8: North | F8: In Person
A9: P008 | B9: Olivia Anderson | C9: 46275 | D9: Financial Literacy | E9: West | F9: Online
A10: P009 | B10: Ethan Anderson | C10: 46276 | D10: Career Readiness | E10: East | F10: Hybrid

Sheet Region_Targets

Sheet Analysis
